# R1-D3 fixed null/equivalence qualification openings; frozen 2026-09-02.
# stable-id<TAB>SFEN
r1d3-001	1ng3snl/lrs1kg1b1/ppp1ppp1p/3p3p1/1P7/3P5/P1P1PPPPP/LBGK1S1RL/1NS2G1N1 b - 17
r1d3-002	1nsg1g1nl/l1r1ks1b1/p1p1pppp1/1p6p/3p5/P4P2P/1PPPP1PPL/LBG2S1R1/1NS1KGN2 b - 17
r1d3-003	1nsg2s1l/lr2k1gbn/ppp1p1ppp/3p1p3/P8/7P1/1PPPPPP1P/NB1KG1G1R/L1S3SNL b - 17
r1d3-004	l1n1k1snl/1r2gg1b1/ppsp1pp1p/2p1p2p1/8P/P5P2/1PPPPP1P1/LBGS1K1R1/1N3GSNL b - 17
r1d3-005	l3ng1nl/1rgkss1b1/ppppp1ppp/9/5p3/P3PP3/LPPP2PPP/1B2G2RL/1NS1KGSN1 b - 17
r1d3-006	ln1gg3l/1r1s1ksbn/pp1pp2pp/2p2pp2/1P7/P3P2P1/2PPGPP1P/1BR6/LNS1KGSNL b - 17
r1d3-007	ln1gk2nl/1s2gs1b1/p2pppp1p/1rp3Np1/1p7/3P1P2P/PPP1P1PP1/1BG3GRL/L1S1KS1N1 b - 17
r1d3-008	ln1gk3l/1r1s2sbn/pppp1pgp1/4p1p1p/1P7/9/P1PPPPPPP/LBG1KS1R1/1N1SG2NL b - 17
